slug,name_de,country,country_code,state_code,state,description_short_de,description_long_de,population,cafes_count,status
berlin,Berlin,Germany,DE,BE,Berlin,"Berlin ist ein Zentrum für Startups und digitale Nomaden, ideal für arbeitsfreundliche Cafés.","Berlin, die Hauptstadt Deutschlands, ist bekannt für ihre lebendige Kultur, Geschichte und dynamische Tech-Szene. Die Stadt zieht Startups und digitale Nomaden an und bietet eine Vielzahl von Coworking-Spaces und Cafés, die auf Remote-Arbeiter ausgerichtet sind. Mit ihren vielfältigen Stadtteilen bietet Berlin eine einzigartige Mischung aus Kreativität und Innovation, was es zu einem attraktiven Ziel für Fachleute macht, die Inspiration und Zusammenarbeit suchen. Die reiche Geschichte der Stadt, gepaart mit ihrer modernen Infrastruktur, schafft eine Umgebung, in der Tradition auf Innovation trifft, was Berlin zu einem besonderen Ort zum Arbeiten und Gedeihen macht.",3782202,18,
bielefeld,Bielefeld,Germany,DE,NW,Nordrhein-Westfalen,"Bielefelds Tech-Szene und kulturelle Attraktionen bieten dynamische Arbeitsräume.","Bielefeld, im Herzen des Teutoburger Waldes gelegen, ist bekannt für seine florierende Tech-Szene und lebendigen kulturellen Attraktionen. Die zahlreichen Tech-Unternehmen und kulturellen Veranstaltungsorte der Stadt ziehen Fachleute an, die Innovation und Zusammenarbeit suchen. Die Cafés und Coworking-Spaces in Bielefeld bieten eine dynamische Umgebung für Remote-Arbeit, während die kulturellen Veranstaltungen und Grünflächen Möglichkeiten für Freizeit und Networking bieten. Die hervorragende Verkehrsanbindung und zentrale Lage der Stadt machen sie zu einem idealen Ausgangspunkt, um Deutschland und darüber hinaus zu erkunden.",338410,0,
bochum,Bochum,Germany,DE,NW,Nordrhein-Westfalen,Bochums Tech-Szene und kulturelle Attraktionen bieten dynamische Arbeitsräume.,"Bochum, im Ruhrgebiet gelegen, ist bekannt für seine florierende Tech-Szene und lebendigen kulturellen Attraktionen. Die zahlreichen Tech-Unternehmen und kulturellen Veranstaltungsorte der Stadt ziehen Fachleute an, die Innovation und Zusammenarbeit suchen. Die Cafés und Coworking-Spaces in Bochum bieten eine dynamische Umgebung für Remote-Arbeit, während die kulturellen Veranstaltungen und Grünflächen Möglichkeiten für Freizeit und Networking bieten. Die hervorragende Verkehrsanbindung und zentrale Lage der Stadt machen sie zu einem idealen Ausgangspunkt, um Deutschland und darüber hinaus zu erkunden.",366385,0,
bonn,Bonn,Germany,DE,NW,Nordrhein-Westfalen,Bonns reiche Geschichte und kulturelle Attraktionen bieten inspirierende Arbeitsräume.,"Bonn, bekannt für seine reiche Geschichte und lebendige Kulturszene, ist eine Stadt, die Tradition mit Moderne verbindet. Die zahlreichen kulturellen Attraktionen und historischen Wahrzeichen der Stadt ziehen Fachleute an, die Inspiration und Zusammenarbeit suchen. Die Cafés und Coworking-Spaces in Bonn bieten eine produktive Umgebung für Remote-Arbeit, während die kulturellen Veranstaltungen und Grünflächen eine entspannende Kulisse bieten. Die hervorragende Verkehrsanbindung und zentrale Lage der Stadt machen sie zu einem idealen Ausgangspunkt, um Deutschland und darüber hinaus zu erkunden.",335789,0,
bremen,Bremen,Germany,DE,HB,Bremen,Bremens maritimer Charme und kreative Räume ziehen Freiberufler an.,"Bremen, eine historische Hafenstadt, ist bekannt für ihren maritimen Charme und ihre lebendige Kulturszene. Die zahlreichen Theater, Museen und Musikveranstaltungen der Stadt ziehen Kreative und Freiberufler aus der ganzen Welt an. Die Cafés und Coworking-Spaces in Bremen bieten eine förderliche Umgebung für Remote-Arbeit, während die malerische Uferpromenade und die Grünflächen eine entspannende Kulisse bieten. Die Mischung aus Tradition und Innovation macht die Stadt zu einem einzigartigen Ort zum Leben und Arbeiten und bietet Möglichkeiten für Networking und Zusammenarbeit in einem dynamischen Umfeld.",577026,0,
dortmund,Dortmund,Germany,DE,NW,Nordrhein-Westfalen,Dortmunds Tech-Industrie und Sportkultur bieten dynamische Arbeitsräume.,"Dortmund, im Ruhrgebiet gelegen, ist bekannt für seine florierende Tech-Industrie und leidenschaftliche Sportkultur. Die zahlreichen Tech-Unternehmen und Startups der Stadt ziehen Fachleute an, die Innovation und Zusammenarbeit suchen. Die Cafés und Coworking-Spaces in Dortmund bieten eine dynamische Umgebung für Remote-Arbeit, während die Sportstätten und kulturellen Attraktionen Möglichkeiten für Freizeit und Networking bieten. Die hervorragende Verkehrsanbindung und zentrale Lage der Stadt machen sie zu einem idealen Ausgangspunkt, um Deutschland und darüber hinaus zu erkunden.",595471,0,
dresden,Dresden,Germany,DE,SN,Sachsen,Dresdens barocke Architektur und Tech-Szene bieten inspirierende Arbeitsräume.,"Dresden, bekannt für seine atemberaubende barocke Architektur und florierende Tech-Szene, ist eine Stadt, die Geschichte mit Innovation verbindet. Die zahlreichen kulturellen Attraktionen und Tech-Unternehmen der Stadt ziehen Fachleute an, die Inspiration und Zusammenarbeit suchen. Die Cafés und Coworking-Spaces in Dresden bieten eine produktive Umgebung für Remote-Arbeit, während die historischen Wahrzeichen und Grünflächen eine entspannende Kulisse bieten. Die hervorragende Verkehrsanbindung und zentrale Lage der Stadt machen sie zu einem idealen Ausgangspunkt, um Deutschland und darüber hinaus zu erkunden.",566222,0,
duesseldorf,Düsseldorf,Germany,DE,NW,Nordrhein-Westfalen,Düsseldorfs Mode- und Kunstszene bieten inspirierende Arbeitsräume.,"Düsseldorf, bekannt für seine Mode- und Kunstszene, ist eine Stadt, die Kreativität mit Geschäft verbindet. Die zahlreichen Galerien, Museen und Modeveranstaltungen der Stadt ziehen Fachleute aus der ganzen Welt an. Die Cafés und Coworking-Spaces in Düsseldorf bieten eine förderliche Umgebung für Remote-Arbeit, während die lebendige Kulturszene Möglichkeiten für Networking und Zusammenarbeit bietet. Die hervorragende Verkehrsanbindung und zentrale Lage der Stadt machen sie zu einem idealen Ausgangspunkt, um Deutschland und darüber hinaus zu erkunden.",631217,24,
duisburg,Duisburg,Germany,DE,NW,Nordrhein-Westfalen,Duisburgs industrielles Erbe und Grünflächen ziehen Remote-Arbeiter an.,"Duisburg, im Herzen des Ruhrgebiets gelegen, ist bekannt für sein industrielles Erbe und seine Grünflächen. Die zahlreichen Parks und kulturellen Attraktionen der Stadt bieten eine erfrischende Umgebung für Remote-Arbeit, während die Cafés und Coworking-Spaces einen produktiven Rahmen für Fachleute bieten. Das reiche kulturelle Erbe und die moderne Infrastruktur Duisburgs schaffen eine einzigartige Mischung aus Tradition und Innovation, was die Stadt zu einem attraktiven Ziel für Arbeit und Freizeit macht.",503707,0,
essen,Essen,Germany,DE,NW,Nordrhein-Westfalen,Essens industrielles Erbe und Grünflächen ziehen Remote-Arbeiter an.,"Essen, im Herzen des Ruhrgebiets gelegen, ist bekannt für sein industrielles Erbe und seine Grünflächen. Die zahlreichen Parks und kulturellen Attraktionen der Stadt bieten eine erfrischende Umgebung für Remote-Arbeit, während die Cafés und Coworking-Spaces einen produktiven Rahmen für Fachleute bieten. Das reiche kulturelle Erbe und die moderne Infrastruktur Essens schaffen eine einzigartige Mischung aus Tradition und Innovation, was die Stadt zu einem attraktiven Ziel für Arbeit und Freizeit macht.",586608,0,
frankfurt-am-main,Frankfurt am Main,Germany,DE,HE,Hessen,Frankfurt ist ein Finanzzentrum mit modernen Cafés für Geschäftstreffen.,"Frankfurt, oft als Finanzhauptstadt Deutschlands bezeichnet, beherbergt die Europäische Zentralbank und zahlreiche Finanzinstitute. Die Skyline der Stadt, die von Wolkenkratzern dominiert wird, spiegelt ihren Status als globales Finanzzentrum wider. Frankfurt bietet eine Reihe moderner Cafés und Coworking-Spaces, was es zu einem idealen Ort für Geschäftstreffen und Remote-Arbeit macht. Das effiziente öffentliche Verkehrssystem der Stadt und der internationale Flughafen bieten hervorragende Konnektivität, während die reiche Kulturszene und die grünen Flächen einen ausgewogenen Lebensstil für Fachleute bieten.",775790,9,
hamburg,Hamburg,Germany,DE,HH,Hamburg,Hamburgs Hafenstadt-Charme und kreative Räume ziehen Freiberufler an.,"Hamburg, die zweitgrößte Stadt Deutschlands, ist bekannt für ihren geschäftigen Hafen und ihr maritimes Erbe. Die lebendige Kulturszene der Stadt, mit ihren Theatern, Museen und Musikveranstaltungen, zieht Kreative und Freiberufler aus der ganzen Welt an. Die zahlreichen Cafés und Coworking-Spaces in Hamburg bieten eine förderliche Umgebung für Remote-Arbeit, während die malerischen Kanäle und Parks eine entspannende Kulisse bieten. Die Mischung aus Tradition und Innovation macht die Stadt zu einem einzigartigen Ort zum Leben und Arbeiten und bietet Möglichkeiten für Networking und Zusammenarbeit in einem dynamischen Umfeld.",1910160,9,
hannover,Hannover,Germany,DE,NI,Niedersachsen,Hannovers Messen und Grünflächen ziehen Remote-Arbeiter an.,"Hannover, bekannt für seine internationalen Messen und Grünflächen, ist eine Stadt, die Geschäft mit Freizeit verbindet. Die zahlreichen Parks und kulturellen Attraktionen der Stadt bieten eine erfrischende Umgebung für Remote-Arbeit, während die Cafés und Coworking-Spaces einen produktiven Rahmen für Fachleute bieten. Die hervorragende Verkehrsanbindung und zentrale Lage der Stadt machen sie zu einem idealen Ausgangspunkt, um Deutschland und darüber hinaus zu erkunden und bieten Möglichkeiten für Networking und Zusammenarbeit in einem dynamischen Umfeld.",548186,0,
heilbronn,Heilbronn,Germany,DE,BW,Baden-Württemberg,Heilbronn bietet eine ruhige Umgebung mit charmanten Cafés.,"Heilbronn, im Herzen der Region Baden-Württemberg gelegen, ist bekannt für seine malerischen Weinberge und die charmante Altstadt. Die ruhige Atmosphäre der Stadt und die freundliche Gemeinschaft machen sie zu einem idealen Ort für diejenigen, die eine ruhigere Arbeitsumgebung suchen. Die Cafés und lokalen Geschäfte in Heilbronn bieten einen einladenden Raum für Remote-Arbeiter, während die Nähe zur Natur Möglichkeiten zur Entspannung und Inspiration bietet. Die reiche Geschichte und das kulturelle Erbe der Stadt tragen zu ihrem Reiz bei und machen Heilbronn zu einem besonderen Ort zum Leben und Arbeiten.",130093,1,
koeln,Köln,Germany,DE,NW,Nordrhein-Westfalen,Köln bietet eine lebendige Kunstszene und gemütliche Cafés zum Arbeiten.,"Köln, bekannt für seinen beeindruckenden Dom und seine lebendige Kunstszene, ist eine Stadt, die Geschichte mit Moderne verbindet. Die lebhafte Atmosphäre der Stadt und die freundlichen Einheimischen machen sie zu einem einladenden Ort für Remote-Arbeiter. Die zahlreichen Cafés und Coworking-Spaces in Köln bieten den perfekten Rahmen für Produktivität und Kreativität. Das reiche kulturelle Erbe der Stadt, kombiniert mit ihren modernen Annehmlichkeiten, bietet eine einzigartige Umgebung für Fachleute, die ein Gleichgewicht zwischen Arbeit und Freizeit suchen. Mit ihrer zentralen Lage und hervorragenden Verkehrsanbindung ist Köln ein idealer Ausgangspunkt, um Deutschland und darüber hinaus zu erkunden.",1087353,12,
leipzig,Leipzig,Germany,DE,SN,Sachsen,Leipzigs kreative Atmosphäre und erschwingliches Leben ziehen Freiberufler an.,"Leipzig, oft als das 'neue Berlin' bezeichnet, ist bekannt für seine kreative Atmosphäre und erschwingliches Leben. Die florierende Kunstszene und das lebendige kulturelle Leben der Stadt ziehen Freiberufler und Remote-Arbeiter an, die Inspiration und Zusammenarbeit suchen. Die zahlreichen Cafés und Coworking-Spaces in Leipzig bieten einen produktiven Rahmen für die Arbeit, während die Grünflächen und die historische Architektur eine entspannende Kulisse bieten. Die zentrale Lage der Stadt und die hervorragende Verkehrsanbindung machen sie zu einem idealen Ausgangspunkt, um Deutschland und darüber hinaus zu erkunden.",619879,9,
muenchen,München,Germany,DE,BY,Bayern,"München vereint Tradition mit Innovation, ideal für arbeitsfreundliche Cafés.","München, die Hauptstadt Bayerns, ist bekannt für ihr reiches kulturelles Erbe und ihre lebendige Wirtschaft. Die Mischung aus Tradition und Innovation macht die Stadt zu einem attraktiven Ziel für Fachleute, die eine dynamische Arbeitsumgebung suchen. Die zahlreichen Cafés und Coworking-Spaces in München richten sich an Remote-Arbeiter und bieten einen produktiven Rahmen für Kreativität und Zusammenarbeit. Die hervorragende Verkehrsanbindung der Stadt und die Nähe zu den Alpen bieten Möglichkeiten zur Freizeitgestaltung und Erkundung, was München zu einem besonderen Ort zum Leben und Arbeiten macht.",1510378,12,
muenster,Münster,Germany,DE,NW,Nordrhein-Westfalen,Münsters historischer Charme und Grünflächen ziehen Remote-Arbeiter an.,"Münster, bekannt für seinen historischen Charme und seine Grünflächen, ist eine Stadt, die Tradition mit Natur verbindet. Die zahlreichen Parks und kulturellen Attraktionen der Stadt bieten eine erfrischende Umgebung für Remote-Arbeit, während die Cafés und Coworking-Spaces einen produktiven Rahmen für Fachleute bieten. Die hervorragende Verkehrsanbindung und zentrale Lage der Stadt machen sie zu einem idealen Ausgangspunkt, um Deutschland und darüber hinaus zu erkunden und bieten Möglichkeiten für Networking und Zusammenarbeit in einem dynamischen Umfeld.",322904,0,
nuernberg,Nürnberg,Germany,DE,BY,Bayern,Nürnbergs mittelalterlicher Charme und Tech-Szene bieten inspirierende Arbeitsräume.,"Nürnberg, bekannt für seinen mittelalterlichen Charme und seine florierende Tech-Szene, ist eine Stadt, die Geschichte mit Innovation verbindet. Die zahlreichen kulturellen Attraktionen und Tech-Unternehmen der Stadt ziehen Fachleute an, die Inspiration und Zusammenarbeit suchen. Die Cafés und Coworking-Spaces in Nürnberg bieten eine produktive Umgebung für Remote-Arbeit, während die historischen Wahrzeichen und Grünflächen eine entspannende Kulisse bieten. Die hervorragende Verkehrsanbindung und zentrale Lage der Stadt machen sie zu einem idealen Ausgangspunkt, um Deutschland und darüber hinaus zu erkunden.",526091,7,
stuttgart,Stuttgart,Germany,DE,BW,Baden-Württemberg,Stuttgarts Tech-Szene und Grünflächen ziehen Remote-Arbeiter an.,"Stuttgart, die Hauptstadt von Baden-Württemberg, ist bekannt für ihre florierende Automobilindustrie und innovative Tech-Szene. Die zahlreichen Parks und Grünflächen der Stadt bieten eine erfrischende Umgebung für Remote-Arbeit, während die Cafés und Coworking-Spaces einen produktiven Rahmen für Fachleute bieten. Das reiche kulturelle Erbe Stuttgarts, kombiniert mit seiner modernen Infrastruktur, schafft eine einzigartige Mischung aus Tradition und Innovation. Die hervorragende Verkehrsanbindung der Stadt und die Nähe zum Schwarzwald machen sie zu einem idealen Ort für Arbeit und Freizeit.",633484,7,
wuppertal,Wuppertal,Germany,DE,NW,Nordrhein-Westfalen,Wuppertals einzigartige Schwebebahn und Grünflächen ziehen Remote-Arbeiter an.,"Wuppertal, bekannt für seine einzigartige Schwebebahn und Grünflächen, ist eine Stadt, die Innovation mit Natur verbindet. Die zahlreichen Parks und kulturellen Attraktionen der Stadt bieten eine erfrischende Umgebung für Remote-Arbeit, während die Cafés und Coworking-Spaces einen produktiven Rahmen für Fachleute bieten. Die hervorragende Verkehrsanbindung und zentrale Lage der Stadt machen sie zu einem idealen Ausgangspunkt, um Deutschland und darüber hinaus zu erkunden und bieten Möglichkeiten für Networking und Zusammenarbeit in einem dynamischen Umfeld.",358938,0,
fuerth,Fürth,Germany,DE,BY,Bayern,"Fürth verbindet historischen Charme mit modernen Arbeitsmöglichkeiten in gemütlichen Cafés.","Fürth, die Kleeblattstadt, besticht durch ihre perfekte Mischung aus historischem Flair und modernem Stadtleben. Mit ihrer gut erhaltenen Altstadt und den zahlreichen denkmalgeschützten Gebäuden bietet die Stadt eine inspirierende Kulisse für Remote-Arbeiter. Die Nähe zu Nürnberg und die ausgezeichnete Infrastruktur machen Fürth zu einem attraktiven Standort für Kreative und Digitalnomaden. Die gemütlichen Cafés und modernen Coworking-Spaces der Stadt bieten ideale Bedingungen für produktives Arbeiten in entspannter Atmosphäre.",132032,0,NEW
wuerzburg,Würzburg,Germany,DE,BY,Bayern,"Würzburg vereint Universitätsstadt-Flair mit einladenden Arbeitsplätzen in historischer Kulisse.","Würzburg, die malerische Universitätsstadt am Main, beeindruckt durch ihre UNESCO-Weltkulturerbe Residenz und lebendige Studentenszene. Die Stadt bietet eine perfekte Mischung aus akademischer Atmosphäre und fränkischer Lebensart. Mit ihrer Vielzahl an Cafés, die sich besonders auf studentisches Arbeiten eingestellt haben, ist Würzburg ein idealer Ort für Remote-Arbeiter. Die Kombination aus historischer Architektur, modernen Arbeitsmöglichkeiten und der weltberühmten Weinkultur macht die Stadt zu einem besonderen Ort für kreatives und produktives Arbeiten.",128246,0,NEW
erlangen,Erlangen,Germany,DE,BY,Bayern,"Erlangen kombiniert Universitätsgeist mit Siemens-Innovation für optimale Arbeitsbedingungen.","Erlangen, die dynamische Universitätsstadt mit starker Technologieprägung, vereint akademische Exzellenz mit industrieller Innovation. Als Sitz der Friedrich-Alexander-Universität und wichtiger Siemens-Standort bietet die Stadt eine einzigartige Mischung aus studentischem Leben und High-Tech-Atmosphäre. Die zahlreichen Cafés und modernen Arbeitsräume sind perfekt auf die Bedürfnisse von Studierenden, Forschenden und Remote-Workern ausgerichtet. Die fahrradfreundliche Infrastruktur und die vielen Grünflächen machen Erlangen zu einem attraktiven Ort für eine ausgewogene Work-Life-Balance.",117806,0,NEW
aachen,Aachen,Germany,DE,NW,Nordrhein-Westfalen,"Aachen verbindet historisches Flair mit technologischer Innovation.","Aachen, die westlichste Großstadt Deutschlands, ist bekannt für ihre bedeutende technische Hochschule RWTH und ihre reiche Geschichte als Krönungsstadt deutscher Könige. Die Stadt bietet eine perfekte Mischung aus historischem Charme und moderner Wissenschaft. Mit ihren zahlreichen Cafés und Coworking-Spaces, die sich besonders an Studierende und junge Professionals richten, ist Aachen ein idealer Ort für Remote-Arbeit. Die Kombination aus akademischer Exzellenz, historischer Bedeutung und der Nähe zu Belgien und den Niederlanden macht die Stadt zu einem einzigartigen Arbeitsumfeld.",252769,0,NEW
augsburg,Augsburg,Germany,DE,BY,Bayern,"Augsburg vereint historisches Erbe mit modernen Arbeitsmöglichkeiten.","Augsburg, eine der ältesten Städte Deutschlands, verbindet historisches Erbe mit wirtschaftlicher Innovation. Die Stadt, bekannt für ihre reiche Geschichte als Handelsmetropole, bietet heute eine vielfältige Mischung aus traditionellen Cafés und modernen Arbeitsräumen. Mit ihrer UNESCO-Weltkulturerbe-Wasserwirtschaft und der lebendigen Kulturszene schafft Augsburg eine inspirierende Atmosphäre für kreatives Arbeiten. Die zentrale Lage zwischen München und Ulm macht die Stadt zu einem attraktiven Standort für Remote-Worker und Digitalnomaden.",303150,0,NEW
braunschweig,Braunschweig,Germany,DE,NI,Niedersachsen,"Braunschweig verbindet Wissenschaft mit historischem Ambiente.","Braunschweig, die Löwenstadt, ist ein bedeutendes Zentrum für Wissenschaft und Forschung in Niedersachsen. Mit ihrer technischen Universität und zahlreichen Forschungseinrichtungen bietet die Stadt ein innovatives Umfeld für Remote-Arbeiter. Die historische Altstadt mit ihren gemütlichen Cafés und die moderne Infrastruktur schaffen eine perfekte Balance zwischen Tradition und Fortschritt. Die Stadt ist bekannt für ihre hohe Lebensqualität und bietet ausgezeichnete Bedingungen für konzentriertes Arbeiten in inspirierender Atmosphäre.",252066,0,NEW
chemnitz,Chemnitz,Germany,DE,SN,Sachsen,"Chemnitz vereint industrielles Erbe mit moderner Arbeitswelt.","Chemnitz, früher Karl-Marx-Stadt, hat sich zu einem modernen Technologie- und Wissenschaftsstandort entwickelt. Die Stadt verbindet ihr industrielles Erbe mit zeitgenössischer Kultur und Innovation. Mit ihren zahlreichen Cafés, Coworking-Spaces und der technischen Universität bietet Chemnitz eine produktive Umgebung für Remote-Arbeiter. Die Stadt, die 2025 Kulturhauptstadt Europas sein wird, zeichnet sich durch ihre erschwinglichen Lebenshaltungskosten und ihre zentrale Lage in Sachsen aus.",250681,0,NEW
darmstadt,Darmstadt,Germany,DE,HE,Hessen,"Darmstadt verbindet Wissenschaft und Digitalisierung.","Darmstadt, die Wissenschaftsstadt, ist ein führendes Zentrum für Technologie und Innovation in Hessen. Mit ihrer technischen Universität, zahlreichen Forschungseinrichtungen und einer lebendigen Startup-Szene bietet die Stadt ein ideales Umfeld für digitales Arbeiten. Die Stadt vereint historische Jugendstilarchitektur mit modernen Arbeitsmöglichkeiten und schafft so eine inspirierende Atmosphäre für Remote-Worker. Die Nähe zu Frankfurt und die ausgezeichnete Infrastruktur machen Darmstadt zu einem attraktiven Standort für die digitale Arbeitswelt.",164792,0,NEW
erfurt,Erfurt,Germany,DE,TH,Thüringen,"Erfurt verbindet mittelalterlichen Charme mit modernem Arbeiten.","Erfurt, die Landeshauptstadt Thüringens, besticht durch ihre perfekt erhaltene mittelalterliche Altstadt und moderne Infrastruktur. Die Stadt bietet mit ihrer historischen Krämerbrücke und den zahlreichen Cafés eine inspirierende Atmosphäre für Remote-Arbeiter. Als wichtiges Wirtschafts- und Bildungszentrum Thüringens vereint Erfurt traditionelles Handwerk mit zeitgenössischer Innovation. Die zentrale Lage in Deutschland und die ausgezeichnete Verkehrsanbindung machen die Stadt zu einem attraktiven Standort für digitale Nomaden.",215675,0,NEW
freiburg-im-breisgau,Freiburg im Breisgau,Germany,DE,BW,Baden-Württemberg,"Freiburg vereint Nachhaltigkeit mit innovativem Arbeiten.","Freiburg im Breisgau, die Ökohauptstadt Deutschlands, ist bekannt für ihre Vorreiterrolle in Nachhaltigkeit und Umweltschutz. Die Stadt bietet mit ihrer renommierten Universität und zahlreichen Forschungseinrichtungen ein inspirierendes Umfeld für Remote-Arbeiter. Die malerische Altstadt mit ihren gemütlichen Cafés und die Nähe zum Schwarzwald schaffen eine perfekte Balance zwischen Arbeit und Freizeit. Das milde Klima und die hohe Lebensqualität machen Freiburg zu einem beliebten Ziel für digitale Nomaden.",237244,0,NEW
gelsenkirchen,Gelsenkirchen,Germany,DE,NW,Nordrhein-Westfalen,"Gelsenkirchen wandelt sich vom Industriestandort zum modernen Arbeitsort.","Gelsenkirchen, einst Zentrum des Ruhrgebiets-Bergbaus, hat sich zu einer modernen Stadt mit vielfältigen Arbeitsmöglichkeiten entwickelt. Die Stadt bietet mit ihrer Wissenschaftspark und zahlreichen revitalisierten Industriedenkmälern eine einzigartige Atmosphäre für kreatives Arbeiten. Die günstigen Lebenshaltungskosten und die zentrale Lage im Ruhrgebiet machen Gelsenkirchen zu einem attraktiven Standort für Remote-Worker, die das Authentische suchen.",265885,0,NEW
goettingen,Göttingen,Germany,DE,NI,Niedersachsen,"Göttingen vereint akademische Tradition mit modernem Arbeiten.","Göttingen, die traditionsreiche Universitätsstadt, ist ein bedeutendes Zentrum für Wissenschaft und Forschung. Die Stadt bietet mit ihrer renommierten Georg-August-Universität und zahlreichen Forschungseinrichtungen ein inspirierendes Umfeld für Remote-Arbeiter. Die historische Altstadt mit ihren gemütlichen Cafés und die lebendige Studentenkultur schaffen eine produktive Atmosphäre für kreatives Arbeiten. Die zentrale Lage in Deutschland und die ausgezeichnete Infrastruktur machen Göttingen zu einem attraktiven Standort für digitale Nomaden.",120261,0,NEW
halle-saale,Halle (Saale),Germany,DE,ST,Sachsen-Anhalt,"Halle verbindet kulturelles Erbe mit digitalem Arbeiten.","Halle (Saale), die größte Stadt Sachsen-Anhalts, vereint reiches kulturelles Erbe mit moderner Innovation. Die Stadt bietet mit ihrer traditionsreichen Martin-Luther-Universität und dem aufstrebenden Digital-Hub ein dynamisches Umfeld für Remote-Arbeiter. Die historische Altstadt mit ihren zahlreichen Cafés und kulturellen Einrichtungen schafft eine inspirierende Atmosphäre für kreatives Arbeiten. Die günstigen Lebenshaltungskosten und die gute Verkehrsanbindung machen Halle zu einem attraktiven Standort für digitale Nomaden.",242172,0,NEW
heidelberg,Heidelberg,Germany,DE,BW,Baden-Württemberg,"Heidelberg vereint akademische Exzellenz mit romantischem Flair.","Heidelberg, die weltberühmte Universitätsstadt am Neckar, verbindet jahrhundertealte akademische Tradition mit moderner Wissenschaft. Die Stadt bietet mit ihrer renommierten Ruprecht-Karls-Universität und dem aufstrebenden Technologiepark ein inspirierendes Umfeld für Remote-Arbeiter. Die malerische Altstadt mit ihren historischen Cafés und die romantische Schlosskulisse schaffen eine einzigartige Atmosphäre für kreatives Arbeiten. Die hohe Lebensqualität und internationale Atmosphäre machen Heidelberg zu einem attraktiven Standort für digitale Nomaden.",162960,0,NEW
ingolstadt,Ingolstadt,Germany,DE,BY,Bayern,"Ingolstadt verbindet Automobilindustrie mit innovativem Arbeiten.","Ingolstadt, Hauptsitz von Audi und wichtiges Technologiezentrum, vereint industrielle Stärke mit moderner Innovation. Die Stadt bietet mit ihrer technischen Hochschule und zahlreichen Forschungseinrichtungen ein dynamisches Umfeld für Remote-Arbeiter. Die historische Altstadt mit ihren gemütlichen Cafés und die moderne Infrastruktur schaffen eine perfekte Balance zwischen Tradition und Fortschritt. Die hohe Lebensqualität und die zentrale Lage in Bayern machen Ingolstadt zu einem attraktiven Standort für digitale Professionals.",142308,0,NEW
jena,Jena,Germany,DE,TH,Thüringen,"Jena vereint Wissenschaft und Innovation mit Naturidylle.","Jena, die Stadt der Optik und Photonik, ist ein bedeutendes Zentrum für Wissenschaft und Technologie. Mit ihrer traditionsreichen Friedrich-Schiller-Universität und zahlreichen Forschungsinstituten bietet die Stadt ein inspirierendes Umfeld für Remote-Arbeiter. Die malerische Lage im Saaletal und die vielen Cafés schaffen eine produktive Atmosphäre für kreatives Arbeiten. Die Kombination aus Hightech-Industrie und naturnaher Umgebung macht Jena zu einem attraktiven Standort für digitale Nomaden.",110791,0,NEW
karlsruhe,Karlsruhe,Germany,DE,BW,Baden-Württemberg,"Karlsruhe verbindet Technologie mit fächerförmiger Stadtplanung.","Karlsruhe, die Fächerstadt, ist ein führendes Zentrum für Technologie und Innovation. Mit dem KIT (Karlsruher Institut für Technologie) und zahlreichen Forschungseinrichtungen bietet die Stadt ein dynamisches Umfeld für Remote-Arbeiter. Die einzigartige Stadtarchitektur und die vielen Cafés schaffen eine inspirierende Atmosphäre für kreatives Arbeiten. Die zentrale Lage in Europa und die hohe Lebensqualität machen Karlsruhe zu einem attraktiven Standort für digitale Professionals.",309964,0,NEW
kassel,Kassel,Germany,DE,HE,Hessen,"Kassel vereint Kunst und Kultur mit modernem Arbeiten.","Kassel, bekannt für die documenta und ihre reiche Kulturgeschichte, verbindet künstlerische Innovation mit moderner Arbeitswelt. Die Stadt bietet mit ihrer Universität und dem Wissenschaftspark ein inspirierendes Umfeld für Remote-Arbeiter. Die weitläufigen Parks und die lebendige Café-Szene schaffen eine produktive Atmosphäre für kreatives Arbeiten. Die zentrale Lage in Deutschland und die gute Infrastruktur machen Kassel zu einem attraktiven Standort für digitale Nomaden.",204687,0,NEW
kiel,Kiel,Germany,DE,SH,Schleswig-Holstein,"Kiel verbindet maritime Atmosphäre mit modernem Arbeiten.","Kiel, die Landeshauptstadt Schleswig-Holsteins, besticht durch ihre maritime Lage an der Ostsee. Die Stadt bietet mit ihrer Christian-Albrechts-Universität und dem aufstrebenden Technologiesektor ein dynamisches Umfeld für Remote-Arbeiter. Die Hafenpromenaden und gemütlichen Cafés schaffen eine inspirierende Atmosphäre für kreatives Arbeiten. Die hohe Lebensqualität und die Nähe zum Meer machen Kiel zu einem attraktiven Standort für digitale Nomaden.",248873,0,NEW
koblenz,Koblenz,Germany,DE,RP,Rheinland-Pfalz,"Koblenz vereint Rhein-Romantik mit modernem Arbeiten.","Koblenz, am Zusammenfluss von Rhein und Mosel gelegen, verbindet historisches Erbe mit zeitgemäßer Arbeitswelt. Die Stadt bietet mit ihrer Universität und dem aufstrebenden Wirtschaftsstandort ein inspirierendes Umfeld für Remote-Arbeiter. Die malerische Altstadt mit ihren Cafés und die Festung Ehrenbreitstein schaffen eine einzigartige Atmosphäre für kreatives Arbeiten. Die zentrale Lage im Rheinland und die hohe Lebensqualität machen Koblenz zu einem attraktiven Standort für digitale Nomaden.",115298,0,NEW
luebeck,Lübeck,Germany,DE,SH,Schleswig-Holstein,"Lübeck verbindet Hansegeschichte mit modernem Arbeiten.","Lübeck, UNESCO-Weltkulturerbe und ehemalige Königin der Hanse, vereint mittelalterlichen Charme mit moderner Innovation. Die Stadt bietet mit ihrer Universität und dem aufstrebenden Technologiesektor ein inspirierendes Umfeld für Remote-Arbeiter. Die historische Altstadt mit ihren gemütlichen Cafés und die maritime Atmosphäre schaffen perfekte Bedingungen für kreatives Arbeiten. Die hohe Lebensqualität und die Nähe zur Ostsee machen Lübeck zu einem attraktiven Standort für digitale Nomaden.",219044,0,NEW
ludwigshafen-am-rhein,Ludwigshafen am Rhein,Germany,DE,RP,Rheinland-Pfalz,"Ludwigshafen verbindet Industrie mit modernem Arbeiten.","Ludwigshafen am Rhein, Sitz der BASF und wichtiger Industriestandort, entwickelt sich zu einem modernen Arbeitsort. Die Stadt bietet mit ihrer Hochschule und dem aufstrebenden Dienstleistungssektor ein dynamisches Umfeld für Remote-Arbeiter. Die Rheinpromenade und die vielfältige Café-Szene schaffen eine produktive Atmosphäre für kreatives Arbeiten. Die zentrale Lage in der Metropolregion Rhein-Neckar und die gute Infrastruktur machen Ludwigshafen zu einem attraktiven Standort für digitale Professionals.",176110,0,NEW
magdeburg,Magdeburg,Germany,DE,ST,Sachsen-Anhalt,"Magdeburg vereint Geschichte mit digitaler Innovation.","Magdeburg, die Landeshauptstadt Sachsen-Anhalts, verbindet historisches Erbe mit technologischer Innovation. Die Stadt bietet mit ihrer Otto-von-Guericke-Universität und dem wachsenden IT-Sektor ein dynamisches Umfeld für Remote-Arbeiter. Die historische Altstadt mit ihren Cafés und die grünen Elbauen schaffen eine inspirierende Atmosphäre für kreatives Arbeiten. Die günstigen Lebenshaltungskosten und die gute Verkehrsanbindung machen Magdeburg zu einem attraktiven Standort für digitale Nomaden.",240114,0,NEW
mainz,Mainz,Germany,DE,RP,Rheinland-Pfalz,"Mainz verbindet Medienstandort mit historischem Flair.","Mainz, die Landeshauptstadt von Rheinland-Pfalz und Sitz des ZDF, vereint Medieninnovation mit reichem kulturellem Erbe. Die Stadt bietet mit ihrer Johannes Gutenberg-Universität und dem Mediencluster ein dynamisches Umfeld für Remote-Arbeiter. Die historische Altstadt mit ihren gemütlichen Cafés und die Rheinpromenade schaffen eine inspirierende Atmosphäre für kreatives Arbeiten. Die zentrale Lage im Rhein-Main-Gebiet und die hohe Lebensqualität machen Mainz zu einem attraktiven Standort für digitale Nomaden.",222889,0,NEW
mannheim,Mannheim,Germany,DE,BW,Baden-Württemberg,"Mannheim verbindet Industrie mit kreativer Innovation.","Mannheim, die Quadratestadt, ist ein bedeutendes Zentrum für Wirtschaft und Kultur. Die Stadt bietet mit ihrer Universität, der Pop-Akademie und dem aufstrebenden Kreativsektor ein inspirierendes Umfeld für Remote-Arbeiter. Die einzigartige Stadtarchitektur und die vielfältige Café-Szene schaffen eine produktive Atmosphäre für kreatives Arbeiten. Die zentrale Lage in der Metropolregion Rhein-Neckar und die exzellente Infrastruktur machen Mannheim zu einem attraktiven Standort für digitale Professionals.",316877,0,NEW
moenchengladbach,Mönchengladbach,Germany,DE,NW,Nordrhein-Westfalen,"Mönchengladbach wandelt sich zur modernen Arbeitsstadt.","Mönchengladbach, traditioneller Textilstandort im Wandel, entwickelt sich zu einem modernen Zentrum für digitales Arbeiten. Die Stadt bietet mit ihrer Hochschule Niederrhein und dem MONFORTS QUARTIER ein dynamisches Umfeld für Remote-Arbeiter. Die revitalisierten Industriedenkmäler und die gemütlichen Cafés schaffen eine inspirierende Atmosphäre für kreatives Arbeiten. Die zentrale Lage im Rheinland und die gute Verkehrsanbindung machen Mönchengladbach zu einem attraktiven Standort für digitale Nomaden.",268943,0,NEW
oldenburg,Oldenburg,Germany,DE,NI,Niedersachsen,"Oldenburg verbindet Universitätsstadt mit Lebensqualität.","Oldenburg, die grüne Universitätsstadt im Nordwesten, vereint akademische Exzellenz mit hoher Lebensqualität. Die Stadt bietet mit ihrer Carl von Ossietzky Universität und dem IT-Hub ein dynamisches Umfeld für Remote-Arbeiter. Die historische Innenstadt mit ihren Cafés und die vielen Parks schaffen eine produktive Atmosphäre für kreatives Arbeiten. Die fahrradfreundliche Infrastruktur und die Nähe zur Nordsee machen Oldenburg zu einem attraktiven Standort für digitale Nomaden.",174629,0,NEW
osnabrueck,Osnabrück,Germany,DE,NI,Niedersachsen,"Osnabrück vereint Friedensstadt mit digitalem Arbeiten.","Osnabrück, die Friedensstadt, verbindet historisches Erbe mit moderner Innovation. Die Stadt bietet mit ihrer Universität und dem Innovation Campus ein inspirierendes Umfeld für Remote-Arbeiter. Die malerische Altstadt mit ihren gemütlichen Cafés und die grüne Umgebung schaffen eine produktive Atmosphäre für kreatives Arbeiten. Die zentrale Lage in Nordwestdeutschland und die hohe Lebensqualität machen Osnabrück zu einem attraktiven Standort für digitale Nomaden.",166960,0,NEW
paderborn,Paderborn,Germany,DE,NW,Nordrhein-Westfalen,"Paderborn verbindet IT-Kompetenz mit historischem Charme.","Paderborn, die Universitätsstadt an den Paderquellen, ist ein bedeutendes Zentrum für Informationstechnologie. Die Stadt bietet mit ihrer Universität und dem Software Innovation Campus ein dynamisches Umfeld für Remote-Arbeiter. Die historische Innenstadt mit ihren Cafés und die grüne Umgebung schaffen eine produktive Atmosphäre für kreatives Arbeiten. Die zentrale Lage in Deutschland und die hohe Lebensqualität machen Paderborn zu einem attraktiven Standort für digitale Professionals.",155749,0,NEW
potsdam,Potsdam,Germany,DE,BB,Brandenburg,"Potsdam vereint Schlösserromantik mit digitaler Innovation.","Potsdam, die brandenburgische Landeshauptstadt, verbindet UNESCO-Weltkulturerbe mit moderner Medienindustrie. Die Stadt bietet mit ihrer Filmuniversität und dem Medienstandort Babelsberg ein kreatives Umfeld für Remote-Arbeiter. Die prächtigen Parks, historischen Cafés und die Nähe zu Berlin schaffen eine inspirierende Atmosphäre für kreatives Arbeiten. Die hohe Lebensqualität und die perfekte Infrastruktur machen Potsdam zu einem attraktiven Standort für digitale Nomaden.",187119,0,NEW
regensburg,Regensburg,Germany,DE,BY,Bayern,"Regensburg verbindet mittelalterlichen Charme mit Hightech.","Regensburg, UNESCO-Weltkulturerbe an der Donau, vereint mittelalterliche Geschichte mit moderner Technologie. Die Stadt bietet mit ihrer Universität und dem Innovationszentrum TechBase ein dynamisches Umfeld für Remote-Arbeiter. Die besterhaltene mittelalterliche Altstadt Deutschlands mit ihren gemütlichen Cafés schafft eine einzigartige Atmosphäre für kreatives Arbeiten. Die hohe Lebensqualität und die zentrale Lage in Bayern machen Regensburg zu einem attraktiven Standort für digitale Nomaden.",159465,0,NEW
rostock,Rostock,Germany,DE,MV,Mecklenburg-Vorpommern,"Rostock verbindet Hansegeist mit maritimem Arbeiten.","Rostock, die größte Stadt Mecklenburg-Vorpommerns, vereint hanseatische Tradition mit maritimer Innovation. Die Stadt bietet mit ihrer Universität und dem digitalen Hub ein inspirierendes Umfeld für Remote-Arbeiter. Die historische Altstadt, die Strandpromenade und die vielen Cafés schaffen eine produktive Atmosphäre für kreatives Arbeiten. Die Nähe zur Ostsee und die hohe Lebensqualität machen Rostock zu einem attraktiven Standort für digitale Nomaden.",210795,0,NEW
saarbruecken,Saarbrücken,Germany,DE,SL,Saarland,"Saarbrücken vereint französischen Charme mit deutscher Innovation.","Saarbrücken, die Landeshauptstadt des Saarlandes, verbindet französisches Savoir-vivre mit deutscher Ingenieurskunst. Die Stadt bietet mit ihrer Universität und dem IT-Inkubator ein dynamisches Umfeld für Remote-Arbeiter. Die Altstadt mit ihren Cafés und die Nähe zu Frankreich schaffen eine internationale Atmosphäre für kreatives Arbeiten. Die zentrale Lage in Europa und die hohe Lebensqualität machen Saarbrücken zu einem attraktiven Standort für digitale Professionals.",183509,0,NEW
ulm,Ulm,Germany,DE,BW,Baden-Württemberg,"Ulm verbindet Wissenschaft mit mittelalterlichem Flair.","Ulm, die Stadt mit dem höchsten Kirchturm der Welt, vereint wissenschaftliche Innovation mit historischem Charme. Die Stadt bietet mit ihrer Universität und dem Science Park ein dynamisches Umfeld für Remote-Arbeiter. Die mittelalterliche Altstadt mit ihren gemütlichen Cafés und die Donaupromenade schaffen eine inspirierende Atmosphäre für kreatives Arbeiten. Die zentrale Lage zwischen Stuttgart und München und die hohe Lebensqualität machen Ulm zu einem attraktiven Standort für digitale Nomaden.",129942,0,NEW
wiesbaden,Wiesbaden,Germany,DE,HE,Hessen,"Wiesbaden verbindet Kurstadt-Eleganz mit modernem Arbeiten.","Wiesbaden, die Landeshauptstadt Hessens, vereint historische Eleganz mit zeitgenössischer Innovation. Die Stadt bietet mit ihrer Hochschule RheinMain und dem digitalen Hub ein inspirierendes Umfeld für Remote-Arbeiter. Die prächtigen Kurhaus-Anlagen, die gemütlichen Cafés und die Nähe zum Rheingau schaffen eine produktive Atmosphäre für kreatives Arbeiten. Die zentrale Lage im Rhein-Main-Gebiet und die hohe Lebensqualität machen Wiesbaden zu einem attraktiven Standort für digitale Professionals.",285522,0,NEW
wolfsburg,Wolfsburg,Germany,DE,NI,Niedersachsen,"Wolfsburg verbindet Automobilindustrie mit moderner Arbeitswelt.","Wolfsburg, Sitz von Volkswagen und der Autostadt, vereint industrielle Stärke mit moderner Innovation. Die Stadt bietet mit ihrem phaeno Science Center und dem Innovation Campus ein dynamisches Umfeld für Remote-Arbeiter. Die moderne Architektur, die vielen Cafés und die ausgedehnten Grünflächen schaffen eine inspirierende Atmosphäre für kreatives Arbeiten. Die zentrale Lage in Niedersachsen und die exzellente Infrastruktur machen Wolfsburg zu einem attraktiven Standort für digitale Nomaden.",127256,0,NEW
bergisch-gladbach,Bergisch Gladbach,Germany,DE,NW,Nordrhein-Westfalen,"Bergisch Gladbach verbindet Natur mit urbanem Arbeiten.","Bergisch Gladbach, im Bergischen Land gelegen, vereint städtisches Leben mit naturnaher Umgebung. Die Stadt bietet mit ihrer Nähe zu Köln und dem aufstrebenden Wirtschaftsstandort ein attraktives Umfeld für Remote-Arbeiter. Die historische Altstadt mit ihren gemütlichen Cafés und die waldreiche Umgebung schaffen eine inspirierende Atmosphäre für kreatives Arbeiten. Die ausgezeichnete Verkehrsanbindung und die hohe Lebensqualität machen Bergisch Gladbach zu einem attraktiven Standort für digitale Nomaden.",112660,0,NEW
bottrop,Bottrop,Germany,DE,NW,Nordrhein-Westfalen,"Bottrop wandelt sich vom Industriestandort zum modernen Arbeitsort.","Bottrop, im Herzen des Ruhrgebiets, entwickelt sich von der Bergbaustadt zu einem modernen Wirtschaftsstandort. Die Stadt bietet mit dem Innovation City Projekt und revitalisierten Industrieflächen ein spannendes Umfeld für Remote-Arbeiter. Die vielen Grünflächen, gemütlichen Cafés und das Movie Park Germany in der Nähe schaffen eine abwechslungsreiche Atmosphäre für kreatives Arbeiten. Die zentrale Lage im Ruhrgebiet und die gute Infrastruktur machen Bottrop zu einem interessanten Standort für digitale Nomaden.",118705,0,NEW
bremerhaven,Bremerhaven,Germany,DE,HB,Bremen,"Bremerhaven verbindet Maritime Tradition mit modernem Arbeiten.","Bremerhaven, die Seestadt an der Nordsee, vereint maritimes Flair mit wissenschaftlicher Innovation. Die Stadt bietet mit der Hochschule Bremerhaven und dem Alfred-Wegener-Institut ein dynamisches Umfeld für Remote-Arbeiter. Die Hafenpromenade mit ihren Cafés und das Deutsche Schifffahrtsmuseum schaffen eine einzigartige Atmosphäre für kreatives Arbeiten. Die Nähe zum Meer und die bezahlbaren Lebenshaltungskosten machen Bremerhaven zu einem attraktiven Standort für digitale Nomaden.",114677,0,NEW
cottbus,Cottbus,Germany,DE,BB,Brandenburg,"Cottbus verbindet Wendische Kultur mit digitaler Innovation.","Cottbus, das Tor zum Spreewald, entwickelt sich zu einem modernen Technologie- und Wissenschaftsstandort. Die Stadt bietet mit der Brandenburgischen Technischen Universität und dem entstehenden Innovationszentrum ein dynamisches Umfeld für Remote-Arbeiter. Der historische Altmarkt mit seinen Cafés und die Nähe zum UNESCO-Biosphärenreservat Spreewald schaffen eine inspirierende Atmosphäre für kreatives Arbeiten. Die günstigen Lebenshaltungskosten und die gute Infrastruktur machen Cottbus zu einem attraktiven Standort für digitale Nomaden.",100010,0,NEW
dueren,Düren,German,DE,NW,Nordrhein-Westfalen,"Düren verbindet Papierstadt-Tradition mit moderner Arbeitswelt.","Düren, die historische Papierstadt, entwickelt sich zu einem modernen Wirtschaftsstandort. Die Stadt bietet mit dem Forschungszentrum Jülich in der Nähe und aufstrebenden Technologieunternehmen ein innovatives Umfeld für Remote-Arbeiter. Die revitalisierte Innenstadt mit ihren Cafés und die Nähe zur Eifel schaffen eine angenehme Atmosphäre für kreatives Arbeiten. Die zentrale Lage zwischen Köln und Aachen und die gute Lebensqualität machen Düren zu einem interessanten Standort für digitale Nomaden.",93323,0,NEW
esslingen-am-neckar,Esslingen am Neckar,Germany,DE,BW,Baden-Württemberg,"Esslingen verbindet mittelalterlichen Charme mit Hightech.","Esslingen am Neckar, die Stadt der Fachwerkhäuser, vereint mittelalterliches Flair mit moderner Technologie. Die Stadt bietet mit der Hochschule Esslingen und zahlreichen Technologieunternehmen ein dynamisches Umfeld für Remote-Arbeiter. Die malerische Altstadt mit ihren gemütlichen Cafés und die Weinberge schaffen eine inspirierende Atmosphäre für kreatives Arbeiten. Die Nähe zu Stuttgart und die hohe Lebensqualität machen Esslingen zu einem attraktiven Standort für digitale Nomaden.",95881,0,NEW
flensburg,Flensburg,Germany,DE,SH,Schleswig-Holstein,"Flensburg verbindet nordische Lebensart mit modernem Arbeiten.","Flensburg, die nördlichste Stadt Deutschlands, vereint skandinavischen Charme mit maritimem Flair. Die Stadt bietet mit der Europa-Universität und dem Technologiezentrum ein dynamisches Umfeld für Remote-Arbeiter. Die historische Hafenstadt mit ihren gemütlichen Cafés und die Nähe zu Dänemark schaffen eine internationale Atmosphäre für kreatives Arbeiten. Die hohe Lebensqualität und die Ostsee vor der Tür machen Flensburg zu einem attraktiven Standort für digitale Nomaden.",92667,0,NEW
gera,Gera,Germany,DE,TH,Thüringen,"Gera verbindet Tradition mit digitaler Transformation.","Gera, die ehemalige Residenzstadt, entwickelt sich zu einem modernen Wirtschaftsstandort. Die Stadt bietet mit der Dualen Hochschule und dem Technologie- und Innovationspark ein zukunftsorientiertes Umfeld für Remote-Arbeiter. Die historische Innenstadt mit ihren Cafés und die umgebende Natur schaffen eine angenehme Atmosphäre für kreatives Arbeiten. Die günstigen Lebenshaltungskosten und die zentrale Lage in Thüringen machen Gera zu einem interessanten Standort für digitale Nomaden.",94847,0,NEW
giessen,Gießen,Germany,DE,HE,Hessen,"Gießen vereint Universitätsstadt mit innovativem Arbeiten.","Gießen, die Universitätsstadt an der Lahn, verbindet akademische Tradition mit moderner Innovation. Die Stadt bietet mit ihrer Justus-Liebig-Universität und dem Technologie- und Innovationszentrum ein dynamisches Umfeld für Remote-Arbeiter. Die lebendige Innenstadt mit ihren Cafés und die grüne Umgebung schaffen eine produktive Atmosphäre für kreatives Arbeiten. Die zentrale Lage in Hessen und die gute Infrastruktur machen Gießen zu einem attraktiven Standort für digitale Nomaden.",94996,0,NEW
guetersloh,Gütersloh,Germany,DE,NW,Nordrhein-Westfalen,"Gütersloh verbindet Wirtschaftskraft mit Lebensqualität.","Gütersloh, Sitz von Bertelsmann und wichtiger Wirtschaftsstandort, vereint unternehmerische Stärke mit hoher Lebensqualität. Die Stadt bietet mit der Fachhochschule der Wirtschaft und dem Innovation Center ein dynamisches Umfeld für Remote-Arbeiter. Die attraktive Innenstadt mit ihren Cafés und die parkähnlichen Grünanlagen schaffen eine angenehme Atmosphäre für kreatives Arbeiten. Die zentrale Lage in Ostwestfalen und die exzellente Infrastruktur machen Gütersloh zu einem attraktiven Standort für digitale Professionals.",102464,0,NEW
hagen,Hagen,Germany,DE,NW,Nordrhein-Westfalen,"Hagen verbindet Industriekultur mit grüner Innovation.","Hagen, das Tor zum Sauerland, entwickelt sich vom Industriestandort zum modernen Wirtschaftszentrum. Die Stadt bietet mit der FernUniversität und dem HAGEN.BUSINESS ein zukunftsorientiertes Umfeld für Remote-Arbeiter. Die Innenstadt mit ihren Cafés und die umgebende Mittelgebirgslandschaft schaffen eine inspirierende Atmosphäre für kreatives Arbeiten. Die zentrale Lage im Ruhrgebiet und die Nähe zur Natur machen Hagen zu einem attraktiven Standort für digitale Nomaden.",190490,0,NEW
hamm,Hamm,Germany,DE,NW,Nordrhein-Westfalen,"Hamm verbindet Strukturwandel mit modernem Arbeiten.","Hamm, die Stadt am östlichen Rand des Ruhrgebiets, vollzieht erfolgreich den Wandel vom Bergbaustandort zur Dienstleistungsstadt. Die Stadt bietet mit der Hochschule Hamm-Lippstadt und dem Technologiezentrum ein dynamisches Umfeld für Remote-Arbeiter. Der Maximilianpark und die gemütlichen Cafés schaffen eine angenehme Atmosphäre für kreatives Arbeiten. Die gute Verkehrsanbindung und die bezahlbaren Lebenshaltungskosten machen Hamm zu einem interessanten Standort für digitale Nomaden.",180761,0,NEW
hanau,Hanau,Germany,DE,HE,Hessen,"Hanau verbindet Grimm-Tradition mit digitaler Zukunft.","Hanau, die Gebrüder-Grimm-Stadt, entwickelt sich zu einem modernen Technologie- und Wirtschaftsstandort. Die Stadt bietet mit dem Pioneer Park und aufstrebenden Start-ups ein innovatives Umfeld für Remote-Arbeiter. Die historische Altstadt mit ihren Cafés und die Nähe zu Frankfurt schaffen eine inspirierende Atmosphäre für kreatives Arbeiten. Die zentrale Lage im Rhein-Main-Gebiet und die gute Infrastruktur machen Hanau zu einem attraktiven Standort für digitale Professionals.",103184,0,NEW
herne,Herne,Germany,DE,NW,Nordrhein-Westfalen,"Herne wandelt sich zum modernen Arbeitsstandort.","Herne, im Herzen des Ruhrgebiets, vollzieht den Wandel vom Industriestandort zum modernen Dienstleistungszentrum. Die Stadt bietet mit dem Wissenschaftspark Rhein-Elbe und revitalisierten Industrieflächen ein spannendes Umfeld für Remote-Arbeiter. Die Cranger Kirmes und die gemütlichen Cafés schaffen eine lebendige Atmosphäre für kreatives Arbeiten. Die zentrale Lage im Ruhrgebiet und die gute Verkehrsanbindung machen Herne zu einem interessanten Standort für digitale Nomaden.",157896,0,NEW
hildesheim,Hildesheim,Germany,DE,NI,Niedersachsen,"Hildesheim verbindet UNESCO-Welterbe mit modernem Arbeiten.","Hildesheim, die Stadt der Weltkulturerbestätten, vereint historisches Erbe mit zeitgemäßer Innovation. Die Stadt bietet mit der Universität Hildesheim und dem IT-Center ein dynamisches Umfeld für Remote-Arbeiter. Die rekonstruierte Altstadt mit ihren Cafés und die kulturellen Angebote schaffen eine inspirierende Atmosphäre für kreatives Arbeiten. Die Nähe zu Hannover und die hohe Lebensqualität machen Hildesheim zu einem attraktiven Standort für digitale Nomaden.",102325,0,NEW
iserlohn,Iserlohn,Germany,DE,NW,Nordrhein-Westfalen,"Iserlohn verbindet Tradition mit digitaler Innovation.","Iserlohn, die Waldstadt im Sauerland, entwickelt sich zu einem modernen Wirtschafts- und Bildungsstandort. Die Stadt bietet mit der Fachhochschule Südwestfalen und dem Innovation Campus ein dynamisches Umfeld für Remote-Arbeiter. Die historische Altstadt mit ihren Cafés und die waldreiche Umgebung schaffen eine inspirierende Atmosphäre für kreatives Arbeiten. Die zentrale Lage in Südwestfalen und die hohe Lebensqualität machen Iserlohn zu einem attraktiven Standort für digitale Nomaden.",92404,0,NEW
kaiserslautern,Kaiserslautern,Germany,DE,RP,Rheinland-Pfalz,"Kaiserslautern verbindet Technologie mit Naturidylle.","Kaiserslautern, die Stadt im Pfälzerwald, entwickelt sich zu einem bedeutenden Technologiestandort. Die Stadt bietet mit der Technischen Universität und dem Science Alliance ein innovatives Umfeld für Remote-Arbeiter. Die lebendige Innenstadt mit ihren Cafés und die Nähe zum Pfälzerwald schaffen eine produktive Atmosphäre für kreatives Arbeiten. Die bezahlbaren Lebenshaltungskosten und die gute Infrastruktur machen Kaiserslautern zu einem attraktiven Standort für digitale Nomaden.",101486,0,NEW
konstanz,Konstanz,Germany,DE,BW,Baden-Württemberg,"Konstanz verbindet Bodensee-Flair mit innovativem Arbeiten.","Konstanz, die Stadt am Bodensee, vereint mediterranes Flair mit akademischer Exzellenz. Die Stadt bietet mit ihrer Universität und dem BioLAGO ein dynamisches Umfeld für Remote-Arbeiter. Die historische Altstadt mit ihren Cafés und die Seelage schaffen eine inspirierende Atmosphäre für kreatives Arbeiten. Die Nähe zur Schweiz und die hohe Lebensqualität machen Konstanz zu einem attraktiven Standort für digitale Nomaden.",85770,0,NEW
krefeld,Krefeld,Germany,DE,NW,Nordrhein-Westfalen,"Krefeld verbindet Textiltradition mit moderner Arbeitswelt.","Krefeld, die ehemalige Samt- und Seidenstadt, entwickelt sich zu einem modernen Wirtschaftsstandort. Die Stadt bietet mit der Hochschule Niederrhein und dem Technologiezentrum ein innovatives Umfeld für Remote-Arbeiter. Die Innenstadt mit ihren Cafés und der Stadtwald schaffen eine angenehme Atmosphäre für kreatives Arbeiten. Die zentrale Lage am Niederrhein und die gute Infrastruktur machen Krefeld zu einem attraktiven Standort für digitale Nomaden.",228550,0,NEW
leverkusen,Leverkusen,Germany,DE,NW,Nordrhein-Westfalen,"Leverkusen verbindet Chemiestandort mit grüner Innovation.","Leverkusen, Sitz der Bayer AG, entwickelt sich zu einem modernen Technologie- und Wissenschaftsstandort. Die Stadt bietet mit dem Chempark und aufstrebenden Start-ups ein dynamisches Umfeld für Remote-Arbeiter. Die neue Stadtmitte mit ihren Cafés und die vielen Parks schaffen eine produktive Atmosphäre für kreatives Arbeiten. Die zentrale Lage zwischen Köln und Düsseldorf und die gute Verkehrsanbindung machen Leverkusen zu einem attraktiven Standort für digitale Professionals.",166414,0,NEW
ludwigsburg,Ludwigsburg,Germany,DE,BW,Baden-Württemberg,"Ludwigsburg verbindet Barockpracht mit digitaler Innovation.","Ludwigsburg, die Stadt des Barockschlosses, entwickelt sich zu einem modernen Medien- und Technologiestandort. Die Stadt bietet mit der Filmakademie und dem Animation Media Cluster ein kreatives Umfeld für Remote-Arbeiter. Die prachtvolle Innenstadt mit ihren Cafés und die Schlossanlagen schaffen eine inspirierende Atmosphäre für kreatives Arbeiten. Die Nähe zu Stuttgart und die hohe Lebensqualität machen Ludwigsburg zu einem attraktiven Standort für digitale Nomaden.",94859,0,NEW
luenen,Lünen,Germany,DE,NW,Nordrhein-Westfalen,"Lünen verbindet Industriekultur mit grüner Transformation.","Lünen, die Stadt an der Lippe, vollzieht den Wandel vom Industriestandort zum nachhaltigen Wirtschaftszentrum. Die Stadt bietet mit dem Technologiezentrum LÜNTEC und revitalisierten Industrieflächen ein spannendes Umfeld für Remote-Arbeiter. Die Lippeauen und die gemütlichen Cafés schaffen eine angenehme Atmosphäre für kreatives Arbeiten. Die zentrale Lage im östlichen Ruhrgebiet und die gute Infrastruktur machen Lünen zu einem interessanten Standort für digitale Nomaden.",87266,0,NEW
marl,Marl,Germany,DE,NW,Nordrhein-Westfalen,"Marl verbindet Chemiepark mit moderner Arbeitswelt.","Marl, bekannt durch den Chemiepark und das Skulpturenmuseum Glaskasten, entwickelt sich zu einem vielseitigen Wirtschaftsstandort. Die Stadt bietet mit dem Chemiepark und innovativen Unternehmen ein dynamisches Umfeld für Remote-Arbeiter. Der Stadtpark und die lokalen Cafés schaffen eine produktive Atmosphäre für kreatives Arbeiten. Die zentrale Lage im nördlichen Ruhrgebiet und die gute Infrastruktur machen Marl zu einem attraktiven Standort für digitale Professionals.",85001,0,NEW
moers,Moers,Germany,DE,NW,Nordrhein-Westfalen,"Moers verbindet Bergbautradition mit digitaler Zukunft.","Moers, die Stadt am Niederrhein, wandelt sich vom Bergbaustandort zum modernen Dienstleistungszentrum. Die Stadt bietet mit dem Technologiezentrum und der Hochschule Rhein-Waal in der Nähe ein innovatives Umfeld für Remote-Arbeiter. Die historische Altstadt mit ihren Cafés und der Schlosspark schaffen eine inspirierende Atmosphäre für kreatives Arbeiten. Die zentrale Lage am Niederrhein und die gute Infrastruktur machen Moers zu einem attraktiven Standort für digitale Nomaden.",105606,0,NEW
muelheim-an-der-ruhr,Mülheim an der Ruhr,Germany,DE,NW,Nordrhein-Westfalen,"Mülheim verbindet Wirtschaftskraft mit Lebensqualität.","Mülheim an der Ruhr, die Stadt am Fluss, entwickelt sich zu einem modernen Wirtschafts- und Technologiestandort. Die Stadt bietet mit der Hochschule Ruhr West und dem Technologiezentrum ein dynamisches Umfeld für Remote-Arbeiter. Die RuhrPromenade mit ihren Cafés und die vielen Grünflächen schaffen eine angenehme Atmosphäre für kreatives Arbeiten. Die zentrale Lage im Ruhrgebiet und die hohe Lebensqualität machen Mülheim zu einem attraktiven Standort für digitale Professionals.",173255,0,NEW
neuss,Neuss,Germany,DE,NW,Nordrhein-Westfalen,"Neuss verbindet Rheinhafen mit digitaler Innovation.","Neuss, die römische Gründung am Rhein, entwickelt sich zu einem modernen Wirtschafts- und Logistikzentrum. Die Stadt bietet mit der Hochschule für Wirtschaft und dem Technologiezentrum ein dynamisches Umfeld für Remote-Arbeiter. Die historische Innenstadt mit ihren Cafés und der Rheinpark schaffen eine inspirierende Atmosphäre für kreatives Arbeiten. Die Nähe zu Düsseldorf und die gute Infrastruktur machen Neuss zu einem attraktiven Standort für digitale Professionals.",155163,0,NEW
oberhausen,Oberhausen,Germany,DE,NW,Nordrhein-Westfalen,"Oberhausen verbindet Industriekultur mit kreativer Zukunft.","Oberhausen, bekannt durch das CentrO und die Industriekultur, entwickelt sich zu einem modernen Freizeit- und Dienstleistungsstandort. Die Stadt bietet mit dem Technologiezentrum und der Hochschule Ruhr West ein innovatives Umfeld für Remote-Arbeiter. Das Gasometer und die vielen Cafés schaffen eine einzigartige Atmosphäre für kreatives Arbeiten. Die zentrale Lage im Ruhrgebiet und die gute Verkehrsanbindung machen Oberhausen zu einem attraktiven Standort für digitale Nomaden.",211099,0,NEW
offenbach-am-main,Offenbach am Main,Germany,DE,HE,Hessen,"Offenbach verbindet Design mit digitaler Innovation.","Offenbach am Main, die Stadt des Designs und der Kreativwirtschaft, entwickelt sich zu einem modernen Medien- und Technologiestandort. Die Stadt bietet mit der Hochschule für Gestaltung und dem House of Logistics & Mobility ein dynamisches Umfeld für Remote-Arbeiter. Die Hafenpromenade mit ihren Cafés und die Nähe zu Frankfurt schaffen eine inspirierende Atmosphäre für kreatives Arbeiten. Die zentrale Lage im Rhein-Main-Gebiet und die gute Infrastruktur machen Offenbach zu einem attraktiven Standort für digitale Professionals.",135490,0,NEW
pforzheim,Pforzheim,Germany,DE,BW,Baden-Württemberg,"Pforzheim verbindet Goldstadt-Tradition mit digitaler Zukunft.","Pforzheim, die Gold- und Schmuckstadt am Nordrand des Schwarzwalds, entwickelt sich zu einem modernen Technologie- und Designstandort. Die Stadt bietet mit der Hochschule Pforzheim und dem Technologiezentrum ein innovatives Umfeld für Remote-Arbeiter. Die neu gestaltete Innenstadt mit ihren Cafés und die Nähe zum Schwarzwald schaffen eine inspirierende Atmosphäre für kreatives Arbeiten. Die zentrale Lage in Baden-Württemberg und die gute Verkehrsanbindung machen Pforzheim zu einem attraktiven Standort für digitale Nomaden.",128992,0,NEW
ratingen,Ratingen,Germany,DE,NW,Nordrhein-Westfalen,"Ratingen verbindet Tradition mit moderner Arbeitswelt.","Ratingen, die älteste Stadt im Kreis Mettmann, entwickelt sich zu einem modernen Wirtschafts- und Technologiestandort. Die Stadt bietet mit dem Technologiezentrum und zahlreichen internationalen Unternehmen ein dynamisches Umfeld für Remote-Arbeiter. Die historische Altstadt mit ihren Cafés und die vielen Grünflächen schaffen eine angenehme Atmosphäre für kreatives Arbeiten. Die Nähe zu Düsseldorf und die hohe Lebensqualität machen Ratingen zu einem attraktiven Standort für digitale Professionals.",87513,0,NEW
recklinghausen,Recklinghausen,Germany,DE,NW,Nordrhein-Westfalen,"Recklinghausen verbindet Tradition mit digitaler Innovation.","Recklinghausen, die Ruhrfestspielstadt, entwickelt sich zu einem modernen Dienstleistungs- und Kulturstandort. Die Stadt bietet mit der Westfälischen Hochschule und dem Kreativquartier ein dynamisches Umfeld für Remote-Arbeiter. Die historische Altstadt mit ihren Cafés und der Stadtgarten schaffen eine inspirierende Atmosphäre für kreatives Arbeiten. Die zentrale Lage im nördlichen Ruhrgebiet und die gute Infrastruktur machen Recklinghausen zu einem attraktiven Standort für digitale Nomaden.",111693,0,NEW
remscheid,Remscheid,Germany,DE,NW,Nordrhein-Westfalen,"Remscheid verbindet Werkzeugstadt-Tradition mit moderner Arbeitswelt.","Remscheid, die Stadt der Werkzeugindustrie, entwickelt sich zu einem vielseitigen Wirtschaftsstandort. Die Stadt bietet mit dem Technologiezentrum und innovativen Unternehmen ein dynamisches Umfeld für Remote-Arbeiter. Die Innenstadt mit ihren Cafés und die waldreiche Umgebung schaffen eine angenehme Atmosphäre für kreatives Arbeiten. Die zentrale Lage im Bergischen Land und die gute Verkehrsanbindung machen Remscheid zu einem interessanten Standort für digitale Professionals.",112970,0,NEW
reutlingen,Reutlingen,Germany,DE,BW,Baden-Württemberg,"Reutlingen verbindet Tradition mit Hightech-Innovation.","Reutlingen, die Achalmstadt am Fuße der Schwäbischen Alb, entwickelt sich zu einem modernen Technologie- und Bildungsstandort. Die Stadt bietet mit der Hochschule Reutlingen und dem Technologiepark ein innovatives Umfeld für Remote-Arbeiter. Die historische Altstadt mit ihren Cafés und die Nähe zur Natur schaffen eine inspirierende Atmosphäre für kreatives Arbeiten. Die Nähe zu Stuttgart und die hohe Lebensqualität machen Reutlingen zu einem attraktiven Standort für digitale Nomaden.",118528,0,NEW
salzgitter,Salzgitter,Germany,DE,NI,Niedersachsen,"Salzgitter verbindet Industrie mit grüner Innovation.","Salzgitter, die Stadt des Stahls, entwickelt sich zu einem modernen Industrie- und Technologiestandort. Die Stadt bietet mit der Ostfalia Hochschule und dem Technologiepark ein dynamisches Umfeld für Remote-Arbeiter. Die vielen Seen und gemütlichen Cafés schaffen eine entspannte Atmosphäre für kreatives Arbeiten. Die zentrale Lage in Niedersachsen und die gute Infrastruktur machen Salzgitter zu einem interessanten Standort für digitale Professionals.",105039,0,NEW
schwerin,Schwerin,Germany,DE,MV,Mecklenburg-Vorpommern,"Schwerin verbindet Residenzstadt-Charme mit modernem Arbeiten.","Schwerin, die Landeshauptstadt Mecklenburg-Vorpommerns, vereint historische Pracht mit zeitgemäßer Innovation. Die Stadt bietet mit der Hochschule der Bundesagentur für Arbeit und dem Technologiezentrum ein dynamisches Umfeld für Remote-Arbeiter. Das Schloss, die Seen und die gemütlichen Cafés schaffen eine inspirierende Atmosphäre für kreatives Arbeiten. Die hohe Lebensqualität und die Nähe zur Natur machen Schwerin zu einem attraktiven Standort für digitale Nomaden.",98733,0,NEW
siegen,Siegen,Germany,DE,NW,Nordrhein-Westfalen,"Siegen verbindet Tradition mit universitärer Innovation.","Siegen, die Universitätsstadt im Siegerland, entwickelt sich zu einem modernen Bildungs- und Technologiestandort. Die Stadt bietet mit der Universität Siegen und dem Technologiezentrum ein dynamisches Umfeld für Remote-Arbeiter. Die Oberstadt mit ihren Cafés und die waldreiche Umgebung schaffen eine inspirierende Atmosphäre für kreatives Arbeiten. Die zentrale Lage in Südwestfalen und die hohe Lebensqualität machen Siegen zu einem attraktiven Standort für digitale Nomaden.",102114,0,NEW
solingen,Solingen,Germany,DE,NW,Nordrhein-Westfalen,"Solingen verbindet Klingenstadt-Tradition mit digitaler Innovation.","Solingen, die Stadt der Klingen, entwickelt sich zu einem modernen Wirtschafts- und Technologiestandort. Die Stadt bietet mit dem Gründer- und Technologiezentrum und innovativen Unternehmen ein dynamisches Umfeld für Remote-Arbeiter. Die historischen Industriedenkmäler und gemütlichen Cafés schaffen eine einzigartige Atmosphäre für kreatives Arbeiten. Die zentrale Lage im Bergischen Land und die gute Infrastruktur machen Solingen zu einem attraktiven Standort für digitale Professionals.",161545,0,NEW
trier,Trier,Germany,DE,RP,Rheinland-Pfalz,"Trier verbindet römisches Erbe mit modernem Arbeiten.","Trier, die älteste Stadt Deutschlands, vereint römische Geschichte mit zeitgenössischer Innovation. Die Stadt bietet mit der Universität Trier und dem Wissenschaftspark ein dynamisches Umfeld für Remote-Arbeiter. Die UNESCO-Welterbestätten und gemütlichen Cafés schaffen eine inspirierende Atmosphäre für kreatives Arbeiten. Die Nähe zu Luxemburg und die hohe Lebensqualität machen Trier zu einem attraktiven Standort für digitale Nomaden.",112737,0,NEW
tuebingen,Tübingen,Germany,DE,BW,Baden-Württemberg,"Tübingen verbindet Universitätstradition mit Biotech-Innovation.","Tübingen, die traditionsreiche Universitätsstadt am Neckar, entwickelt sich zu einem führenden Biotechnologie- und Forschungsstandort. Die Stadt bietet mit der Eberhard Karls Universität und dem Technologiepark ein inspirierendes Umfeld für Remote-Arbeiter. Die malerische Altstadt mit ihren Cafés und die Neckarfront schaffen eine einzigartige Atmosphäre für kreatives Arbeiten. Die hohe Lebensqualität und die akademische Atmosphäre machen Tübingen zu einem attraktiven Standort für digitale Nomaden.",93615,0,NEW
villingen-schwenningen,Villingen-Schwenningen,Germany,DE,BW,Baden-Württemberg,"Villingen-Schwenningen verbindet Schwarzwald mit Hightech.","Villingen-Schwenningen, die Doppelstadt im Schwarzwald, entwickelt sich zu einem modernen Technologie- und Wirtschaftsstandort. Die Stadt bietet mit der Hochschule Furtwangen und dem Technologiezentrum ein dynamisches Umfeld für Remote-Arbeiter. Die historische Altstadt mit ihren Cafés und die Nähe zum Schwarzwald schaffen eine inspirierende Atmosphäre für kreatives Arbeiten. Die zentrale Lage in Baden-Württemberg und die hohe Lebensqualität machen Villingen-Schwenningen zu einem attraktiven Standort für digitale Nomaden.",89145,0,NEW
witten,Witten,Germany,DE,NW,Nordrhein-Westfalen,"Witten verbindet Ruhrgebietscharme mit universitärer Innovation.","Witten, die Stadt an der Ruhr, entwickelt sich zu einem modernen Bildungs- und Wirtschaftsstandort. Die Stadt bietet mit der Universität Witten/Herdecke und dem Technologiezentrum ein dynamisches Umfeld für Remote-Arbeiter. Die Ruhrpromenade mit ihren Cafés und die vielen Parks schaffen eine angenehme Atmosphäre für kreatives Arbeiten. Die zentrale Lage im Ruhrgebiet und die gute Infrastruktur machen Witten zu einem attraktiven Standort für digitale Professionals.",95724,0,NEW
worms,Worms,Germany,DE,RP,Rheinland-Pfalz,"Worms verbindet Nibelungen-Tradition mit moderner Arbeitswelt.","Worms, die Nibelungenstadt am Rhein, entwickelt sich zu einem vielseitigen Wirtschafts- und Kulturstandort. Die Stadt bietet mit der Hochschule Worms und innovativen Unternehmen ein dynamisches Umfeld für Remote-Arbeiter. Der Rheinufer mit seinen Cafés und die historischen Sehenswürdigkeiten schaffen eine inspirierende Atmosphäre für kreatives Arbeiten. Die zentrale Lage in der Metropolregion Rhein-Neckar und die gute Verkehrsanbindung machen Worms zu einem attraktiven Standort für digitale Nomaden.",85609,0,NEW
zwickau,Zwickau,Germany,DE,SN,Sachsen,"Zwickau verbindet Automobiltradition mit digitaler Innovation.","Zwickau, die Robert-Schumann- und Automobilstadt, entwickelt sich zu einem modernen Technologie- und Wirtschaftsstandort. Die Stadt bietet mit der Westsächsischen Hochschule und dem Technologiezentrum ein dynamisches Umfeld für Remote-Arbeiter. Die historische Altstadt mit ihren Cafés und die kulturellen Angebote schaffen eine inspirierende Atmosphäre für kreatives Arbeiten. Die zentrale Lage in Sachsen und die gute Infrastruktur machen Zwickau zu einem attraktiven Standort für digitale Nomaden.",87593,0,NEW